model,rmse,rmse_std,n_estimators,learning_rate,num_leaves,min_data_in_leaf,feature_fraction,bagging_fraction,bagging_freq,lambda_l1,lambda_l2,rank_test_score,timestamp,max_depth,min_child_weight,subsample,colsample_bytree,reg_alpha,reg_lambda,gamma,depth,l2_leaf_reg,bagging_temperature,random_strength,iterations
CatBoost,1100.246349760479,33.417122851582974,,0.035685245208823935,,,,,,,,1.0,2025-08-16T12:50:27,,,,,,,,5.0,5.433021076202333,0.4497846488213225,0.38924502364153013,1518.0
CatBoost,1100.2728887971602,32.052986468734225,,0.038454937960163735,,,,,,,,2.0,2025-08-16T12:50:27,,,,,,,,5.0,2.1180721724815563,0.9573228878945872,1.1460828578616986,1265.0
CatBoost,1101.3121483702218,34.05140679543976,,0.024237362592828687,,,,,,,,3.0,2025-08-16T12:50:27,,,,,,,,5.0,4.728668913656161,0.2024805601652374,1.9161469602387604,2400.0
LightGBM,1101.5267649417551,34.69397133575413,1219.0,0.026177450149998723,126.0,148.0,0.695824756266789,0.6579579488364892,1.0,0.7885203632884806,0.2904663258138005,1.0,2025-08-15T19:31:27,,,,,,,,,,,,
CatBoost,1102.1533873789133,35.3663425079698,,0.04791746462752172,,,,,,,,4.0,2025-08-16T12:50:27,,,,,,,,4.0,2.1040131489281957,0.1737525956622945,1.3114473451233126,1421.0
CatBoost,1103.0960826952387,32.829670787022714,,0.03456637017912877,,,,,,,,5.0,2025-08-16T12:50:27,,,,,,,,6.0,4.075064840194333,0.774633780637788,1.2878085070822614,1377.0
CatBoost,1103.5271086005353,31.47720674097037,,0.025248275105596338,,,,,,,,6.0,2025-08-16T12:50:27,,,,,,,,6.0,1.5540398108990352,0.5985315756843657,0.19002339798460932,1487.0
LightGBM,1103.6444515425665,34.671653933241515,1399.0,0.026092223724727633,117.0,162.0,0.7502331810559776,0.6375927759363476,2.0,0.5376209082361595,0.3937832009696783,2.0,2025-08-15T19:31:27,,,,,,,,,,,,
CatBoost,1104.4985955151712,32.78661102812517,,0.04276338178096126,,,,,,,,7.0,2025-08-16T12:50:27,,,,,,,,5.0,4.094740965038607,0.32350039491147375,1.668606731909535,1492.0
CatBoost,1108.2096127573357,31.97385258980758,,0.029595847323116233,,,,,,,,8.0,2025-08-16T12:50:27,,,,,,,,7.0,4.883618152358464,0.12203505212439503,1.1885815011235494,1542.0
CatBoost,1108.6220538568898,29.071378586936063,,0.026270945514322852,,,,,,,,9.0,2025-08-16T12:50:27,,,,,,,,8.0,3.093966595370807,0.26015779096205116,1.4616419299614596,1313.0
LightGBM,1109.2667985155736,34.994861710424495,1172.0,0.021362437372090287,122.0,145.0,0.6225213102727349,0.6475271665072287,0.0,0.6582322815013546,0.8930539883319575,3.0,2025-08-15T19:31:27,,,,,,,,,,,,
CatBoost,1109.6480665421736,36.27736505318096,,0.03906898012032243,,,,,,,,10.0,2025-08-16T12:50:27,,,,,,,,4.0,4.051125747388206,0.13535408227768553,1.5027501720580914,2687.0
CatBoost,1109.7552214269592,34.67778539459039,,0.03295324575757572,,,,,,,,11.0,2025-08-16T12:50:27,,,,,,,,5.0,4.4264900805793665,0.0918708877100447,1.930259484253993,2486.0
CatBoost,1109.973006241143,32.395132006648915,,0.06698308378133952,,,,,,,,12.0,2025-08-16T12:50:27,,,,,,,,5.0,3.0631092042431187,0.6956181464968069,0.006436527208557363,1037.0
LightGBM,1110.025116666821,36.178085212851116,1064.0,0.021876368808943274,39.0,107.0,0.7579526072702278,0.7173952698872152,2.0,0.6523691427638674,0.8482288126171406,4.0,2025-08-15T19:31:27,,,,,,,,,,,,
CatBoost,1110.2840035644344,36.62273390462783,,0.05545337329729043,,,,,,,,13.0,2025-08-16T12:50:27,,,,,,,,4.0,4.846115739190668,0.6246635688542638,0.7638792793057918,1945.0
CatBoost,1113.0620737517297,31.55898773875447,,0.0252095039425783,,,,,,,,14.0,2025-08-16T12:50:27,,,,,,,,7.0,4.165756877970112,0.951403342206657,1.2032236402926624,2141.0
CatBoost,1114.0129927695102,33.661199813483094,,0.044484276155467864,,,,,,,,15.0,2025-08-16T12:50:27,,,,,,,,5.0,3.7754247465114315,0.7330712960296748,1.231970900520358,1922.0
CatBoost,1114.0397593834464,33.063868917426994,,0.0641971436608218,,,,,,,,16.0,2025-08-16T12:50:27,,,,,,,,5.0,3.2430531547727126,0.722070938202737,1.772391560930149,1226.0
CatBoost,1115.7312826228108,33.470814530744036,,0.03605644835353865,,,,,,,,17.0,2025-08-16T12:50:27,,,,,,,,5.0,3.0929031081196765,0.7903377358601481,1.1642964595599445,2494.0
CatBoost,1117.2538317513663,32.63519401840985,,0.06264614824228873,,,,,,,,18.0,2025-08-16T12:50:27,,,,,,,,5.0,4.918958922426986,0.5542265141320166,0.010459227085825473,1601.0
CatBoost,1117.425148768624,33.64272466989424,,0.03160117395760635,,,,,,,,19.0,2025-08-16T12:50:27,,,,,,,,5.0,3.2518546812909257,0.7561633288952461,0.6951430484779642,2931.0
CatBoost,1119.3613133182234,31.85853937498312,,0.052976724265776334,,,,,,,,20.0,2025-08-16T12:50:27,,,,,,,,7.0,5.113071592568392,0.42373825364876283,1.335099798582941,1145.0
LightGBM,1121.364665083449,34.86988982970025,1089.0,0.06659220607878466,90.0,197.0,0.7063751699856956,0.7441380380821073,2.0,0.5585293712157962,0.6433156396129445,5.0,2025-08-15T19:31:27,,,,,,,,,,,,
LightGBM,1121.9559580117514,32.94576679384435,1400.0,0.03608182741407689,77.0,170.0,0.9020549022694476,0.8481238205413859,1.0,0.6440357340154895,1.0837812704119514,6.0,2025-08-15T19:31:27,,,,,,,,,,,,
CatBoost,1123.908272109494,33.99240914591826,,0.07138395379107378,,,,,,,,21.0,2025-08-16T12:50:27,,,,,,,,5.0,4.587988828290881,0.6924361513243696,1.9825119874043766,1699.0
CatBoost,1124.3646357780967,34.64607622574036,,0.11133458444517896,,,,,,,,22.0,2025-08-16T12:50:27,,,,,,,,4.0,1.800358174772865,0.4615574744197899,0.018663239654186592,1128.0
CatBoost,1125.1019717445754,34.80774389238748,,0.07208232394086503,,,,,,,,23.0,2025-08-16T12:50:27,,,,,,,,4.0,1.4430021483980862,0.22061195271121126,1.1964505881274776,1762.0
CatBoost,1125.4713579499191,33.01798895916054,,0.0454106420798574,,,,,,,,24.0,2025-08-16T12:50:27,,,,,,,,5.0,3.4230079350943234,0.754253544343863,1.2389955028151753,2486.0
CatBoost,1125.818820199706,31.614323993198926,,0.032170499413905984,,,,,,,,25.0,2025-08-16T12:50:27,,,,,,,,6.0,3.4293587959316283,0.25677656772050794,0.5697458039238457,2562.0
CatBoost,1125.9356807048828,28.446131506852527,,0.05356442461657751,,,,,,,,26.0,2025-08-16T12:50:27,,,,,,,,7.0,5.711935095511166,0.8733366617238478,0.3235284227042192,1405.0
XGBoost,1126.7624503299353,30.39757118570236,,0.02901653380829705,,,,,,,,1.0,2025-08-16T07:57:59,3.0,3.0639677530337615,0.8819702198755812,0.8393144233072618,0.36774521020890494,0.0911200924435465,0.07776534407895708,,,,,
LightGBM,1126.797735951816,33.1167632198002,1050.0,0.052967815643109054,34.0,132.0,0.9027996528688915,0.6187585871164879,2.0,0.09084607375970322,0.8058878347113595,7.0,2025-08-15T19:31:27,,,,,,,,,,,,
LightGBM,1127.35815003244,31.76596678482387,2074.0,0.024904233951977463,35.0,111.0,0.7390476857930735,0.6127218725940661,1.0,0.09650869688048065,0.5529345216392709,8.0,2025-08-15T19:31:27,,,,,,,,,,,,
CatBoost,1128.0306502398066,32.63752171092827,,0.038081132925185286,,,,,,,,27.0,2025-08-16T12:50:27,,,,,,,,6.0,2.7119181801677326,0.41341644929526145,1.5163700221530747,2376.0
CatBoost,1128.718142430534,32.47187464242861,,0.06969557030347125,,,,,,,,28.0,2025-08-16T12:50:27,,,,,,,,6.0,5.137689477834371,0.733614380561402,1.5386097872826796,1509.0
LightGBM,1128.8138663565273,32.22857810674843,2253.0,0.030092816733799693,43.0,187.0,0.6291052025456774,0.9287440237161425,1.0,0.1172838573536204,0.6159914024308715,9.0,2025-08-15T19:31:27,,,,,,,,,,,,
CatBoost,1129.2084343093811,34.024235305059705,,0.06570914306131846,,,,,,,,29.0,2025-08-16T12:50:27,,,,,,,,5.0,2.731608842945018,0.2390553321972656,1.0194484935033963,1834.0
LightGBM,1129.2402405300077,31.842162614810277,1317.0,0.04665293725648763,81.0,191.0,0.6976502088991097,0.6673164168691722,0.0,0.3230689368464327,0.07787069653077787,10.0,2025-08-15T19:31:27,,,,,,,,,,,,
CatBoost,1129.3793825923183,32.015623012086884,,0.05271488008802405,,,,,,,,30.0,2025-08-16T12:50:27,,,,,,,,5.0,3.0677455076267575,0.12188609333694755,0.36229869906936063,2374.0
CatBoost,1129.4949029026852,38.072071796763304,,0.089019602059595,,,,,,,,31.0,2025-08-16T12:50:27,,,,,,,,4.0,3.396772200689259,0.31372769119409605,1.2127418888667512,1832.0
XGBoost,1129.8138899197943,30.549651568366176,,0.033573178289188765,,,,,,,,2.0,2025-08-16T07:57:59,3.0,4.447633755157806,0.8706053543108986,0.6862700609590868,0.5271083761861258,0.4726372867849902,0.6512329770414921,,,,,
LightGBM,1129.916253692243,32.66301179538915,2363.0,0.048923055923121406,90.0,191.0,0.798070764044508,0.6137554084460873,1.0,0.31284848605859267,0.2186833053456748,11.0,2025-08-15T19:31:27,,,,,,,,,,,,
CatBoost,1131.1772812551678,32.05907911964296,,0.04133196654214978,,,,,,,,32.0,2025-08-16T12:50:27,,,,,,,,6.0,4.458090277846597,0.618051674287186,1.2663792520269281,2575.0
CatBoost,1133.0619074582562,30.48613252014543,,0.030278989951571664,,,,,,,,33.0,2025-08-16T12:50:27,,,,,,,,7.0,5.470954373320591,0.1918673247187429,0.6467431242310415,2914.0
CatBoost,1134.049309307104,28.742789481819166,,0.038020280098045,,,,,,,,34.0,2025-08-16T12:50:27,,,,,,,,8.0,4.687168843607428,0.5122219208126745,1.3604555584167066,1844.0
CatBoost,1134.860381983655,36.387590605863586,,0.07961202306310032,,,,,,,,35.0,2025-08-16T12:50:27,,,,,,,,4.0,5.938927601074436,0.13643975255673313,1.3902891080951876,2858.0
CatBoost,1136.005634329172,35.18778220973589,,0.09904305754489323,,,,,,,,36.0,2025-08-16T12:50:27,,,,,,,,4.0,5.7141557070663085,0.8088834616363281,0.15283371887610286,2120.0
LightGBM,1138.047207625064,32.05145899303561,2955.0,0.02199053947134274,97.0,166.0,0.7394663949166917,0.6384706204365683,0.0,0.5527501904819728,0.4640824155606449,12.0,2025-08-15T19:31:27,,,,,,,,,,,,
CatBoost,1138.536717839845,32.59573132245875,,0.07164046130107055,,,,,,,,37.0,2025-08-16T12:50:27,,,,,,,,4.0,1.853323792749992,0.07462981433708171,1.5653920814882984,2517.0
LightGBM,1138.9968915934928,32.13343053466511,2039.0,0.028468249688051582,32.0,147.0,0.8545614389784044,0.9203797178729599,1.0,0.45869363333754665,0.15420042388069222,13.0,2025-08-15T19:31:27,,,,,,,,,,,,
LightGBM,1139.3586086117025,32.50961537785596,1835.0,0.02970239915992583,86.0,142.0,0.6968639753109703,0.9212559025519583,0.0,0.5058446644748636,0.7602356529130736,14.0,2025-08-15T19:31:27,,,,,,,,,,,,
CatBoost,1140.382684961116,30.170183220579865,,0.04804544982925196,,,,,,,,38.0,2025-08-16T12:50:27,,,,,,,,7.0,3.700059573022553,0.8800790875614583,1.3017547380943884,2013.0
CatBoost,1140.7377028446126,33.390359809847,,0.05307348064147345,,,,,,,,39.0,2025-08-16T12:50:27,,,,,,,,6.0,4.935633013008021,0.9748346527811119,0.7424141877799966,2641.0
CatBoost,1141.6403225954787,27.204522659872065,,0.03249315792609996,,,,,,,,40.0,2025-08-16T12:50:27,,,,,,,,9.0,4.621694085643705,0.5783869170064091,0.5483213331196117,2005.0
CatBoost,1142.0158042895278,38.03342573662816,,0.10954487089782063,,,,,,,,41.0,2025-08-16T12:50:27,,,,,,,,4.0,4.295177671018404,0.8021305581275875,0.21073506790561192,2040.0
CatBoost,1142.1654640914553,32.5767960455255,,0.05570581415825847,,,,,,,,42.0,2025-08-16T12:50:27,,,,,,,,6.0,3.8251099642950805,0.6888853020500907,1.7466458317216154,2390.0
LightGBM,1142.1787627767317,33.30267112860862,1928.0,0.06934480650466235,107.0,176.0,0.6532740500894999,0.6304801518396652,1.0,0.7598399306335393,0.870863410066032,15.0,2025-08-15T19:31:27,,,,,,,,,,,,
CatBoost,1142.8751331619976,33.163965173440666,,0.11320526683462175,,,,,,,,43.0,2025-08-16T12:50:27,,,,,,,,4.0,1.326830787821926,0.4875711936733843,0.06722720036656527,1595.0
LightGBM,1144.1871339766683,32.29900548756271,1087.0,0.060045033336682624,54.0,150.0,0.608233797718321,0.9879639408647978,1.0,0.16987128854262093,0.21818996064852073,16.0,2025-08-15T19:31:27,,,,,,,,,,,,
CatBoost,1144.2555703808837,27.522317301348938,,0.043862753333035506,,,,,,,,44.0,2025-08-16T12:50:27,,,,,,,,8.0,1.3230833992204307,0.042633209287032736,0.7428171353002815,1496.0
CatBoost,1145.0276409616704,29.54715147331156,,0.04369645878319248,,,,,,,,45.0,2025-08-16T12:50:27,,,,,,,,7.0,5.434624501046348,0.645810812655206,0.5718135784783203,2567.0
CatBoost,1145.6319242889572,34.71583303936463,,0.09995682630020476,,,,,,,,46.0,2025-08-16T12:50:27,,,,,,,,4.0,1.608809555626374,0.4782340230480723,1.0122151096935017,2102.0
CatBoost,1145.8829787796808,31.493042795181115,,0.05892005037384507,,,,,,,,47.0,2025-08-16T12:50:27,,,,,,,,7.0,2.6650095652909895,0.6694869551981901,1.988278722442335,1769.0
LightGBM,1146.5178499669062,30.743560387380317,2275.0,0.030020086003840252,91.0,127.0,0.8233616998943221,0.7696888036987906,1.0,0.2642020232152788,0.5213422133859256,17.0,2025-08-15T19:31:27,,,,,,,,,,,,
CatBoost,1146.5851009588519,31.42921158783903,,0.088950485878132,,,,,,,,48.0,2025-08-16T12:50:27,,,,,,,,6.0,3.8328768108570928,0.3910427630581744,1.0023059983640195,1560.0
LightGBM,1146.7201096964386,30.067591130209472,1020.0,0.07405991023634516,48.0,151.0,0.9768807022739411,0.8253152871382157,1.0,0.24369101533869655,0.11720653680766063,18.0,2025-08-15T19:31:27,,,,,,,,,,,,
CatBoost,1147.618340776974,27.829081781464765,,0.05084567197184958,,,,,,,,49.0,2025-08-16T12:50:27,,,,,,,,9.0,4.939509941461325,0.8646861920335402,1.2169728253195826,1459.0
CatBoost,1148.433031930872,32.08605208657012,,0.10230935252598365,,,,,,,,50.0,2025-08-16T12:50:27,,,,,,,,6.0,5.955632159106519,0.7472195877420377,1.4799727733712236,1601.0
LightGBM,1148.5204460464756,31.039810169442095,2246.0,0.026704538561282007,65.0,94.0,0.6468268065710423,0.6571966728211344,1.0,0.6695710993898991,1.0402424463730096,19.0,2025-08-15T19:31:27,,,,,,,,,,,,
CatBoost,1148.5824258825014,34.08737578780029,,0.06636186918179786,,,,,,,,51.0,2025-08-16T12:50:27,,,,,,,,5.0,3.2506221620987983,0.22696469436536415,1.7787818322576885,2878.0
CatBoost,1149.1867188892777,36.858582632866835,,0.12078335634400644,,,,,,,,52.0,2025-08-16T12:50:27,,,,,,,,4.0,5.500115616990056,0.3534213793027181,0.4737411179489641,2316.0
CatBoost,1149.402211031124,32.08908992359179,,0.09285128433065369,,,,,,,,53.0,2025-08-16T12:50:27,,,,,,,,6.0,3.73348706357035,0.23194709611597542,0.7818119918110293,1508.0
CatBoost,1149.863892112061,33.64651071826868,,0.09637887812589849,,,,,,,,54.0,2025-08-16T12:50:27,,,,,,,,4.0,1.7449986807462172,0.6954156483280532,1.491850417627349,2337.0
CatBoost,1150.1310275113144,32.642533042843155,,0.05840717990251801,,,,,,,,55.0,2025-08-16T12:50:27,,,,,,,,6.0,4.765936679567014,0.26933129830202507,1.0791124409910102,2804.0
CatBoost,1151.072983831979,32.62648390949866,,0.05111561106389285,,,,,,,,56.0,2025-08-16T12:50:27,,,,,,,,6.0,3.1482840636946756,0.8727302504846018,1.6838671335836173,2956.0
CatBoost,1152.3677313555518,27.453872932332644,,0.04177260172347523,,,,,,,,57.0,2025-08-16T12:50:27,,,,,,,,7.0,3.6258169183353006,0.7090462617224327,0.21375384618948767,2961.0
CatBoost,1152.3843406328037,30.77048622939917,,0.09486311896118876,,,,,,,,58.0,2025-08-16T12:50:27,,,,,,,,6.0,3.258838393686146,0.5866084631754741,0.33602841548972684,1482.0
CatBoost,1152.6652974192568,28.798374811276723,,0.13491503414064562,,,,,,,,59.0,2025-08-16T12:50:27,,,,,,,,5.0,1.8765147117882983,0.6900048908206657,0.40186737731811295,1207.0
CatBoost,1153.481149465772,28.468734112754056,,0.03911648247427764,,,,,,,,60.0,2025-08-16T12:50:27,,,,,,,,9.0,1.3155451653957508,0.11764902847355863,0.45471460019219756,1748.0
CatBoost,1154.427785260829,31.578350224932528,,0.08476791425119314,,,,,,,,61.0,2025-08-16T12:50:27,,,,,,,,5.0,4.13975026386318,0.6743038064090484,1.0649623851188523,2485.0
CatBoost,1154.4343361901651,28.76214553856102,,0.09936447332844973,,,,,,,,62.0,2025-08-16T12:50:27,,,,,,,,6.0,1.9259778393373397,0.17410933533408435,0.19679129942679463,1349.0
XGBoost,1154.7660270118188,28.89313520640926,,0.025325199623988413,,,,,,,,3.0,2025-08-16T07:57:59,4.0,5.310638086327253,0.9238064298899512,0.8620967922556086,0.4406858964873115,0.10438411189369216,0.4084532130706987,,,,,
CatBoost,1155.2538338449788,28.290528994470446,,0.050787534044163654,,,,,,,,63.0,2025-08-16T12:50:27,,,,,,,,8.0,5.814634376187899,0.4835456467199247,1.6119850995503162,2408.0
CatBoost,1156.9319295565783,29.88670146364178,,0.0752647396728968,,,,,,,,64.0,2025-08-16T12:50:27,,,,,,,,9.0,5.209992764450307,0.7284906771616132,1.5528948929994493,1235.0
CatBoost,1157.457974547668,31.441871377621023,,0.07698638522074623,,,,,,,,65.0,2025-08-16T12:50:27,,,,,,,,7.0,2.9126314012200414,0.11982900201764635,1.9483292572560311,1629.0
CatBoost,1157.9834431548518,26.691539605600184,,0.06265916125296289,,,,,,,,66.0,2025-08-16T12:50:27,,,,,,,,9.0,4.9709866563854215,0.09299063982313216,1.176404533896781,1515.0
CatBoost,1159.029843980327,30.30591334356246,,0.05923179396056949,,,,,,,,67.0,2025-08-16T12:50:27,,,,,,,,7.0,1.7444402516622235,0.3056042154902149,1.7533015236564011,2124.0
CatBoost,1160.8333476274997,27.782464582586694,,0.04518103938276913,,,,,,,,68.0,2025-08-16T12:50:27,,,,,,,,9.0,5.125653338330576,0.520296576918654,0.7469251922883469,2373.0
CatBoost,1161.8303948737125,28.97426995936001,,0.04213715037603672,,,,,,,,69.0,2025-08-16T12:50:27,,,,,,,,8.0,2.8111772082614417,0.33451128874193214,0.05239341706412959,2648.0
CatBoost,1162.8305828630487,35.49941104680822,,0.10803389960507749,,,,,,,,70.0,2025-08-16T12:50:27,,,,,,,,6.0,2.4972175524594333,0.17348007426595724,1.2751065289404595,1659.0
CatBoost,1164.547481255734,30.076211977975774,,0.08102951473370941,,,,,,,,71.0,2025-08-16T12:50:27,,,,,,,,8.0,2.9379761574138477,0.46194693667095577,1.983176817740548,1435.0
LightGBM,1166.2507045731813,31.677359464450806,2335.0,0.03597403143049739,33.0,130.0,0.9377762690534515,0.8998464928034349,0.0,0.6937719848597786,0.42497600495175053,20.0,2025-08-15T19:31:27,,,,,,,,,,,,
CatBoost,1166.8958801968984,30.576887306197953,,0.09753081481550097,,,,,,,,72.0,2025-08-16T12:50:27,,,,,,,,7.0,3.4966691748930914,0.2660192780053807,0.29847555590035224,1509.0
CatBoost,1167.791255359181,30.712700028037336,,0.0369533659130607,,,,,,,,73.0,2025-08-16T12:50:27,,,,,,,,9.0,2.059912454511193,0.8187350040742701,0.6450559556928304,2698.0
XGBoost,1167.9425921988798,28.348135797175654,,0.020280726875093393,,,,,,,,4.0,2025-08-16T07:57:59,5.0,2.3607256861498134,0.8360922667476348,0.7443895587760108,0.07326565866130733,1.1007762905546914,0.1368186309189614,,,,,
CatBoost,1168.383301812632,35.37187615579698,,0.13163826618053884,,,,,,,,74.0,2025-08-16T12:50:27,,,,,,,,5.0,2.265292164003923,0.7811704237869193,1.6502643918574076,1758.0
CatBoost,1169.1148293551169,32.37657338317482,,0.12314782779763349,,,,,,,,75.0,2025-08-16T12:50:27,,,,,,,,7.0,2.9619686076423726,0.9562221906489483,0.2662900083561939,1191.0
CatBoost,1169.3844137306878,29.66403433309394,,0.050783607493309735,,,,,,,,76.0,2025-08-16T12:50:27,,,,,,,,8.0,4.270873007370373,0.19809763275974013,1.1306605091432198,2938.0
LightGBM,1169.4296063388006,27.368704131896013,1227.0,0.08445278501822573,64.0,130.0,0.8981757896737319,0.7726638184918717,2.0,0.30301810076103153,0.4049362006463017,21.0,2025-08-15T19:31:27,,,,,,,,,,,,
CatBoost,1169.7018214606856,29.500784150882705,,0.06259955669983247,,,,,,,,77.0,2025-08-16T12:50:27,,,,,,,,9.0,1.3471192137304668,0.5190597909082704,0.1352251271844298,1516.0
LightGBM,1170.1985817692148,29.853944492942823,1883.0,0.06936246860680143,85.0,187.0,0.8904365334890646,0.9903408317850139,1.0,0.25836517835299677,0.9542234337224443,22.0,2025-08-15T19:31:27,,,,,,,,,,,,
LightGBM,1172.5745471542746,26.76134529280132,1125.0,0.0960081025180071,105.0,134.0,0.8149053666856281,0.7840476635934288,2.0,0.3202403911282251,0.8372010884363181,23.0,2025-08-15T19:31:27,,,,,,,,,,,,
CatBoost,1172.7708395419504,33.97231121715564,,0.10717540581356058,,,,,,,,78.0,2025-08-16T12:50:27,,,,,,,,7.0,5.9590497567468175,0.0991780995872159,0.8029886317225765,1873.0
CatBoost,1174.717261520007,35.87428560408536,,0.13479375453001494,,,,,,,,79.0,2025-08-16T12:50:27,,,,,,,,4.0,1.344790081782106,0.05705472115125432,0.5643741493864003,2243.0
LightGBM,1176.9016935223256,29.09043443830834,1337.0,0.12052521270887935,41.0,197.0,0.9698774473114251,0.9509357413523924,2.0,0.18284001743783973,0.20994591251512343,24.0,2025-08-15T19:31:27,,,,,,,,,,,,
XGBoost,1176.9846948010777,25.41226043900949,,0.07618781941296551,,,,,,,,5.0,2025-08-16T07:57:59,3.0,1.1827483392404745,0.7888267780439997,0.8259364533050466,0.05256691154268189,0.9306331400340127,0.4532888347480276,,,,,
CatBoost,1178.9017018531745,30.241297471277402,,0.08601103285497873,,,,,,,,80.0,2025-08-16T12:50:27,,,,,,,,6.0,2.9432639931492353,0.16368380146530148,0.547582615028213,2748.0
LightGBM,1180.044598842278,27.274941111606985,1125.0,0.034371455818310144,47.0,32.0,0.8374369814216195,0.8716409276577959,2.0,0.5190582722332608,0.5754985221051002,25.0,2025-08-15T19:31:27,,,,,,,,,,,,
LightGBM,1180.0557698953817,27.461830604797715,2417.0,0.07081651307697423,54.0,196.0,0.892659102119856,0.6510758917689862,0.0,0.6211303685935975,0.4089642483036214,26.0,2025-08-15T19:31:27,,,,,,,,,,,,
LightGBM,1181.6714859763356,28.35543163561482,1770.0,0.0866518046723153,83.0,184.0,0.9028324808169823,0.7511402197103145,0.0,0.36043530824807485,0.15499129818179397,27.0,2025-08-15T19:31:27,,,,,,,,,,,,
LightGBM,1182.1105155261753,29.927758802782332,2727.0,0.02174535988014583,68.0,69.0,0.8359670747418533,0.756897618039893,2.0,0.07280167284106423,0.8716764391802739,28.0,2025-08-15T19:31:27,,,,,,,,,,,,
LightGBM,1182.4660271864063,28.817833475593886,1573.0,0.0630596580948203,72.0,108.0,0.8731928253668529,0.7807794405196157,1.0,0.7197339562337386,0.7489218530182051,29.0,2025-08-15T19:31:27,,,,,,,,,,,,
XGBoost,1182.6575833777244,25.1132500050497,,0.08420836627203904,,,,,,,,6.0,2025-08-16T07:57:59,3.0,2.497979558832385,0.7239747705074444,0.7589272461830392,0.34143112426939953,0.9597384264891232,0.349386999049333,,,,,
CatBoost,1183.365918922189,29.963900592120563,,0.07839171946925037,,,,,,,,81.0,2025-08-16T12:50:27,,,,,,,,9.0,3.996844828314669,0.602145644052481,0.04586562253608406,1914.0
LightGBM,1183.530290984851,30.73947441308502,1671.0,0.08672060463711015,77.0,168.0,0.6173603133192691,0.9698573320894384,0.0,0.20239213439139292,0.834493347727977,30.0,2025-08-15T19:31:27,,,,,,,,,,,,
XGBoost,1184.8196712278755,27.50987891205367,,0.08443693074720963,,,,,,,,7.0,2025-08-16T07:57:59,3.0,5.4746072061392,0.9440507265671695,0.7829728391094829,0.31293581286430383,0.32755124982757794,0.4766768283303684,,,,,
CatBoost,1184.9749598136707,31.649094311731833,,0.07832186035730479,,,,,,,,82.0,2025-08-16T12:50:27,,,,,,,,9.0,5.601485906097039,0.5207681418342127,1.232999453790167,2249.0
CatBoost,1185.524031476588,30.842037117908006,,0.1251326231117651,,,,,,,,83.0,2025-08-16T12:50:27,,,,,,,,9.0,2.3887631187463056,0.8514486375512653,0.0006650122409788128,1042.0
LightGBM,1186.5077170752927,28.701049684389606,2605.0,0.049514927406140975,34.0,113.0,0.6746268096205222,0.7140380674775388,2.0,0.044522791485580276,1.0107768423578178,31.0,2025-08-15T19:31:27,,,,,,,,,,,,
LightGBM,1186.6324112167235,28.587929285024156,2248.0,0.05265586992615624,57.0,140.0,0.9272059063689972,0.9442922333025374,2.0,0.1317246825143534,0.6409073032505304,32.0,2025-08-15T19:31:27,,,,,,,,,,,,
LightGBM,1187.1129788641701,31.076735156026572,1061.0,0.07958734288196932,119.0,105.0,0.7190540698037243,0.6399939548647453,0.0,0.724305581135411,0.10954401214336026,33.0,2025-08-15T19:31:27,,,,,,,,,,,,
LightGBM,1187.9652781883876,30.877567915704557,1673.0,0.0771452836146817,33.0,142.0,0.7231108959084198,0.9265542940852249,0.0,0.07072657869251726,0.9501814073635595,34.0,2025-08-15T19:31:27,,,,,,,,,,,,
CatBoost,1188.6441367086732,31.82720615200338,,0.12877249440132932,,,,,,,,84.0,2025-08-16T12:50:27,,,,,,,,5.0,1.6962268555879758,0.5324206822752171,0.8221912052014131,2542.0
LightGBM,1189.077528855927,28.67311513946336,2409.0,0.05870609170863206,63.0,156.0,0.8809936335948436,0.743796460487902,0.0,0.2372081149182388,0.5037370277355318,35.0,2025-08-15T19:31:27,,,,,,,,,,,,
LightGBM,1189.6800468552974,27.631366804856096,1008.0,0.05346456231106182,49.0,67.0,0.9386644568953224,0.942529716751237,1.0,0.6239004366860992,0.7704379753851452,36.0,2025-08-15T19:31:27,,,,,,,,,,,,
XGBoost,1191.2925497723566,29.469494157961407,,0.04311188333427565,,,,,,,,8.0,2025-08-16T07:57:59,4.0,3.1088132986525627,0.9181367351836389,0.8980258192480881,0.04390609171717994,0.5461724220433873,0.5224345760711689,,,,,
CatBoost,1191.460494841326,29.522571906611752,,0.12610477560180894,,,,,,,,85.0,2025-08-16T12:50:27,,,,,,,,8.0,2.1403988597446624,0.21204483990822665,1.2219619777019834,1377.0
LightGBM,1191.747990706296,30.729737387123738,2908.0,0.10770409702443731,39.0,181.0,0.6724932264662641,0.6265985069467109,1.0,0.03847571517127016,0.9378173781016979,37.0,2025-08-15T19:31:27,,,,,,,,,,,,
LightGBM,1191.8957638197849,29.831373668837713,1586.0,0.1322761993065137,66.0,185.0,0.8675953018856915,0.8322746485745819,1.0,0.7521067539662227,1.1683966041063807,38.0,2025-08-15T19:31:27,,,,,,,,,,,,
XGBoost,1192.113012897467,23.63627016856099,,0.09355330098387271,,,,,,,,9.0,2025-08-16T07:57:59,3.0,4.545302597254582,0.9483876494984342,0.8856347728529711,0.6413824664558335,0.40734023105136724,0.8148251137465122,,,,,
CatBoost,1193.045277351362,31.677234690904886,,0.10846162700086917,,,,,,,,86.0,2025-08-16T12:50:27,,,,,,,,8.0,4.842999023942542,0.24365671606386663,1.3431168872260746,2107.0
XGBoost,1194.2756686019568,26.227145050618276,,0.09907087302921816,,,,,,,,10.0,2025-08-16T07:57:59,3.0,3.758612976296699,0.7015554256173218,0.6784452398773811,0.4044063032848271,0.7140587756405047,0.33927124589619095,,,,,
CatBoost,1194.6411912988924,32.45747258928172,,0.0970790631086273,,,,,,,,87.0,2025-08-16T12:50:27,,,,,,,,8.0,1.3242679724148418,0.5799837874281313,1.1229691759190474,1899.0
LightGBM,1195.8288868809243,31.292297661267696,1386.0,0.09000425181165915,92.0,132.0,0.6331565286773416,0.8113480485188836,0.0,0.770578031552489,0.014585369627779609,39.0,2025-08-15T19:31:27,,,,,,,,,,,,
LightGBM,1195.834670820631,29.858386845439977,1815.0,0.1095789686141629,38.0,154.0,0.8883759697008518,0.7232243167409557,2.0,0.2941726424475468,0.3182428412180705,40.0,2025-08-15T19:31:27,,,,,,,,,,,,
LightGBM,1197.2308185686081,28.177390827815028,1696.0,0.06102556000596819,122.0,88.0,0.637662795307424,0.7245653237565177,1.0,0.562926287504019,0.5690085949047902,41.0,2025-08-15T19:31:27,,,,,,,,,,,,
CatBoost,1198.1486448160044,28.843475012755356,,0.08693401008440299,,,,,,,,88.0,2025-08-16T12:50:27,,,,,,,,9.0,4.65325255119623,0.46520561228371815,0.12028468520157043,2835.0
LightGBM,1198.3460311295962,30.4384882734066,2906.0,0.049096460436167555,119.0,138.0,0.7509136652418491,0.6080284791110905,0.0,0.6725679887023449,0.10704519445446743,42.0,2025-08-15T19:31:27,,,,,,,,,,,,
LightGBM,1198.460882313048,30.905550609022292,1443.0,0.059198149015524906,38.0,72.0,0.7086171663278967,0.9861007321563079,2.0,0.0682779719950144,0.06201806540232924,43.0,2025-08-15T19:31:27,,,,,,,,,,,,
XGBoost,1199.0927754705158,31.09477802541958,,0.030840435269312946,,,,,,,,11.0,2025-08-16T07:57:59,5.0,2.2267455484066048,0.7557182456167906,0.7154774947082799,0.28453817317195934,0.8628550862210945,0.297121715623175,,,,,
LightGBM,1199.271587958769,31.7621196368687,1616.0,0.07952449451520874,88.0,133.0,0.8515771387119535,0.9509888054108212,0.0,0.6427847443078789,0.33844148708556776,44.0,2025-08-15T19:31:27,,,,,,,,,,,,
CatBoost,1200.487284942146,32.10204399211779,,0.11631719717548525,,,,,,,,89.0,2025-08-16T12:50:27,,,,,,,,7.0,3.290934433689463,0.4829688720853552,0.26695994483188756,2283.0
XGBoost,1201.7280490880635,27.69710619591693,,0.04727235527157818,,,,,,,,12.0,2025-08-16T07:57:59,4.0,3.9353085385057547,0.6673777540570879,0.8570303875788758,0.6074754623382929,0.6005343709568898,0.5423636649797383,,,,,
LightGBM,1201.7377301499369,27.32940742143249,1201.0,0.12737928205131785,44.0,114.0,0.9687496940092467,0.6353970008207678,2.0,0.41666740802065894,1.153406429219219,45.0,2025-08-15T19:31:27,,,,,,,,,,,,
XGBoost,1201.8117806195692,29.869845054132767,,0.023509673964147097,,,,,,,,13.0,2025-08-16T07:57:59,9.0,1.0257258537735738,0.92797876696324,0.6914500646099694,0.7269610474154944,0.0013441337761313842,0.556181735039757,,,,,
LightGBM,1202.1013887610486,29.438782957453025,1248.0,0.0816787386991773,118.0,98.0,0.7586171129285081,0.8488346800911494,2.0,0.5581134971947707,0.9557661308086527,46.0,2025-08-15T19:31:27,,,,,,,,,,,,
CatBoost,1202.9513241854922,28.078921074574005,,0.11980364524109281,,,,,,,,90.0,2025-08-16T12:50:27,,,,,,,,9.0,2.365354049864062,0.5180787662388154,0.5974511471775461,1756.0
CatBoost,1204.0462523986039,28.779441797782273,,0.1277913952751247,,,,,,,,91.0,2025-08-16T12:50:27,,,,,,,,9.0,5.146662025706418,0.31753144787673704,1.9055950552025887,1901.0
LightGBM,1204.1082429135797,31.42054681905464,1623.0,0.08662409739193548,90.0,132.0,0.6967409163601807,0.6372411071223597,0.0,0.7203344457306644,0.7597217487279215,47.0,2025-08-15T19:31:27,,,,,,,,,,,,
XGBoost,1204.254207104633,24.264376498692826,,0.11147421617319389,,,,,,,,14.0,2025-08-16T07:57:59,3.0,2.585978583826993,0.9475602502162284,0.7502689007526906,0.23749541964822463,0.7788895905532717,0.32838122788508106,,,,,
LightGBM,1204.4031627744632,30.260507781485302,2597.0,0.059021998643209644,74.0,123.0,0.7098887171960256,0.8244973703390804,2.0,0.09567539675064136,0.8558937446675939,48.0,2025-08-15T19:31:27,,,,,,,,,,,,
LightGBM,1204.935255120856,29.485745626876643,2664.0,0.040795318408501494,31.0,53.0,0.6959149436629612,0.6375493160325166,0.0,0.5281579013741851,0.3359206763351314,49.0,2025-08-15T19:31:27,,,,,,,,,,,,
CatBoost,1205.537843073619,27.45450557812919,,0.11172471946660831,,,,,,,,92.0,2025-08-16T12:50:27,,,,,,,,9.0,2.32523214162502,0.020944961030912812,0.1643433349528547,2243.0
XGBoost,1206.9641622796212,28.031084398237095,,0.11251811510385626,,,,,,,,15.0,2025-08-16T07:57:59,3.0,3.9108523008813663,0.7383532227811826,0.8483662071069908,0.036593627050010284,1.0458441673828516,0.9734889691773969,,,,,
LightGBM,1207.003470858694,29.90683739947802,1947.0,0.10070221472924461,83.0,170.0,0.9125184201884811,0.6453858408069791,0.0,0.3955362437620652,0.06907051201997313,50.0,2025-08-15T19:31:27,,,,,,,,,,,,
LightGBM,1207.3593293345575,32.209797743346705,2994.0,0.07677994412622706,68.0,182.0,0.7395473066171981,0.9718116576991304,1.0,0.5967796204389745,0.4902219515231003,51.0,2025-08-15T19:31:27,,,,,,,,,,,,
CatBoost,1208.6734770691478,29.520527262902437,,0.0923063796611438,,,,,,,,93.0,2025-08-16T12:50:27,,,,,,,,9.0,2.8239910957226475,0.38646084115914714,1.128882181357765,2953.0
CatBoost,1208.768338633228,34.27048485538325,,0.12336439956361232,,,,,,,,94.0,2025-08-16T12:50:27,,,,,,,,9.0,5.232571693451391,0.9189265336395545,0.5044820403467232,2420.0
LightGBM,1209.4026002301523,28.154481345165102,2122.0,0.13763979004592547,93.0,179.0,0.9404546686067428,0.726768802062511,1.0,0.4454410099666801,1.1233857289929372,52.0,2025-08-15T19:31:27,,,,,,,,,,,,
CatBoost,1209.56558425087,29.03153387501531,,0.12749775168462582,,,,,,,,95.0,2025-08-16T12:50:27,,,,,,,,9.0,2.6110775172231415,0.12523357043282712,0.9486722198124278,1769.0
XGBoost,1210.4960473058304,28.892140061482174,,0.071703450984564,,,,,,,,16.0,2025-08-16T07:57:59,9.0,1.3564013502758194,0.981864012013323,0.8618772325725392,0.30405960714976427,0.2365849518874528,0.4791832294435999,,,,,
LightGBM,1210.677419038529,28.470079835671587,2692.0,0.07945083516847587,124.0,174.0,0.9154388844898123,0.6606699518931004,0.0,0.5655843689947673,0.9342863268609012,53.0,2025-08-15T19:31:27,,,,,,,,,,,,
XGBoost,1210.8215101948606,30.62386237905525,,0.03680222463925388,,,,,,,,17.0,2025-08-16T07:57:59,5.0,5.500093209240525,0.9495560310250061,0.8389652408681233,0.4804134883469227,0.7980440094555066,0.1753712786234496,,,,,
CatBoost,1211.7086553486547,29.911630565743568,,0.10735271683685182,,,,,,,,96.0,2025-08-16T12:50:27,,,,,,,,9.0,3.482305761776499,0.43685070261517955,1.4590164573047935,2861.0
LightGBM,1211.9674661538413,30.625255516473388,2952.0,0.07624317917539643,31.0,168.0,0.6225501986603709,0.9458889505020213,0.0,0.42747702002357046,0.8998928993639662,54.0,2025-08-15T19:31:27,,,,,,,,,,,,
LightGBM,1211.9966352338129,31.110102597448908,1913.0,0.03929696617009984,112.0,73.0,0.7793696571944989,0.9977829850443283,0.0,0.014460290892416695,0.5926724582201215,55.0,2025-08-15T19:31:27,,,,,,,,,,,,
XGBoost,1213.390370497496,30.58219846808358,,0.022173222058500863,,,,,,,,18.0,2025-08-16T07:57:59,6.0,3.964814526294108,0.6408850656900799,0.9675002089042986,0.6320677096992694,0.027627125745165015,0.6513672109882461,,,,,
CatBoost,1213.5361351676709,32.71149338894569,,0.12353564930518743,,,,,,,,97.0,2025-08-16T12:50:27,,,,,,,,7.0,2.083699000453878,0.09571455552016173,0.04727717209267279,2678.0
CatBoost,1214.7042085409425,32.95335546583448,,0.12375924705685012,,,,,,,,98.0,2025-08-16T12:50:27,,,,,,,,7.0,2.2173898420243363,0.6517106479109683,1.6213718559725325,2756.0
CatBoost,1215.115434383391,31.765713944172912,,0.1163631077399196,,,,,,,,99.0,2025-08-16T12:50:27,,,,,,,,8.0,3.695806383376272,0.31130769915600365,1.2206675666218367,2681.0
XGBoost,1215.5907318789516,32.34664126553989,,0.025412081266438784,,,,,,,,19.0,2025-08-16T07:57:59,9.0,2.9216332357984083,0.8718589130772278,0.6873015551460256,0.7599689471601803,0.9436140172986625,0.08941100231225951,,,,,
LightGBM,1215.6940404627544,31.636923348865874,1830.0,0.07202248850968905,88.0,109.0,0.610140297366183,0.98505936587117,2.0,0.3426515799520862,0.8261998809184397,56.0,2025-08-15T19:31:27,,,,,,,,,,,,
XGBoost,1215.7419603420929,24.371552100838635,,0.12085428875323202,,,,,,,,20.0,2025-08-16T07:57:59,3.0,5.341362527041903,0.8908676279065232,0.8970826084799923,0.3403946675584603,0.4151219910563555,0.3710387629846027,,,,,
XGBoost,1216.5767055794263,29.930402799879875,,0.03279116363695889,,,,,,,,21.0,2025-08-16T07:57:59,6.0,1.7964372262140258,0.8419815690762164,0.7272446214472478,0.6931509340221164,1.1920043248303542,0.7524277626155725,,,,,
XGBoost,1216.657706564133,28.354447043707786,,0.06101808220374512,,,,,,,,22.0,2025-08-16T07:57:59,4.0,5.125536657113299,0.7452236848780363,0.6136912443282116,0.6645236052521999,0.4142305738575307,0.7738345232013403,,,,,
LightGBM,1216.7675787599794,30.488715375679934,2888.0,0.10971312562115014,45.0,172.0,0.7421449807273583,0.7565928440806008,1.0,0.4348422888911909,1.0877665331574562,57.0,2025-08-15T19:31:27,,,,,,,,,,,,
CatBoost,1216.7699923204468,26.972177370208037,,0.12798000148247268,,,,,,,,100.0,2025-08-16T12:50:27,,,,,,,,9.0,1.1091169838774475,0.6637896861755891,1.9267888684271008,2678.0
LightGBM,1219.1878573404006,30.966156943862682,1441.0,0.13549367539305335,69.0,149.0,0.8849082359697769,0.6592347719813599,0.0,0.213424811420228,1.1719379469991835,58.0,2025-08-15T19:31:27,,,,,,,,,,,,
LightGBM,1219.8323849342125,30.290921973874532,1454.0,0.13481610621517476,125.0,147.0,0.793008379857057,0.797210263108722,0.0,0.07336331780678487,0.7229291110813427,59.0,2025-08-15T19:31:27,,,,,,,,,,,,
XGBoost,1221.0929307850552,29.55434561662325,,0.029901024132850555,,,,,,,,23.0,2025-08-16T07:57:59,7.0,1.3928924857751037,0.7587693104806384,0.6530863016172241,0.45403267860924656,0.8273579629647189,0.8005866991090829,,,,,
LightGBM,1222.231343327016,30.770595769335923,1157.0,0.13447142924031047,36.0,118.0,0.8990875095589655,0.9812287388095813,0.0,0.34254731865385146,1.1599857828524034,60.0,2025-08-15T19:31:27,,,,,,,,,,,,
XGBoost,1223.1354948687908,24.243816183341394,,0.12031976765374514,,,,,,,,24.0,2025-08-16T07:57:59,3.0,1.657838425636299,0.8863299858728354,0.9636130082662564,0.1437464870961936,0.28505198990865316,0.9713950940416396,,,,,
LightGBM,1225.1375034703215,32.77017261068618,2748.0,0.06664127476273785,112.0,130.0,0.9314950036607718,0.7427013306774357,0.0,0.11273937997981012,0.9626363769048476,61.0,2025-08-15T19:31:27,,,,,,,,,,,,
LightGBM,1226.009504256984,28.181114854247337,2411.0,0.05740532913072931,36.0,73.0,0.8186841117373118,0.6739417822102108,2.0,0.6738278196759988,0.5397049600437188,62.0,2025-08-15T19:31:27,,,,,,,,,,,,
XGBoost,1226.0820169063304,26.79313756336124,,0.12734626722729098,,,,,,,,25.0,2025-08-16T07:57:59,3.0,3.4238918357517307,0.8049830623527686,0.8966747776914662,0.5590766825287236,0.4830600523163766,0.2180231074940865,,,,,
XGBoost,1226.2608539151142,33.63364176360829,,0.02961378156616102,,,,,,,,26.0,2025-08-16T07:57:59,6.0,3.7650072629597924,0.838990345052772,0.9135330213675448,0.3847230651591879,0.048904927310967315,0.16399948098949724,,,,,
LightGBM,1226.623086415493,29.296369460355855,2213.0,0.08742400305725283,42.0,132.0,0.8719379119600983,0.8959635041789498,2.0,0.08249909506874609,1.08306348801548,63.0,2025-08-15T19:31:27,,,,,,,,,,,,
XGBoost,1226.8675362398988,30.664862139442686,,0.03325689357576736,,,,,,,,27.0,2025-08-16T07:57:59,8.0,2.485014382274411,0.9411287286767606,0.8862213260936967,0.4712868275767159,0.3327187748361283,0.9103391020575343,,,,,
LightGBM,1227.0386855913905,29.402967020823695,2970.0,0.08514191727360908,100.0,153.0,0.7331263143649938,0.8922196547237206,1.0,0.1114176581307098,0.9528302271243552,64.0,2025-08-15T19:31:27,,,,,,,,,,,,
LightGBM,1228.5049331731625,31.48631273603995,2630.0,0.0652710899873571,65.0,100.0,0.8622890541522968,0.754158648386226,1.0,0.018617548588660694,0.9773621791067229,65.0,2025-08-15T19:31:27,,,,,,,,,,,,
XGBoost,1229.164689444077,26.16808820325993,,0.13956006992680903,,,,,,,,28.0,2025-08-16T07:57:59,3.0,3.4663842339189976,0.6326105958209707,0.7613045444495328,0.17644889993785862,0.5020797464011832,0.20357828034224268,,,,,
LightGBM,1229.3006554825997,30.137896701773183,1345.0,0.12730607154751108,79.0,97.0,0.7320398053240622,0.7286331058720116,1.0,0.6395283191272342,0.7534804673890892,66.0,2025-08-15T19:31:27,,,,,,,,,,,,
XGBoost,1230.517477471259,30.4011968569718,,0.03944166534699015,,,,,,,,29.0,2025-08-16T07:57:59,6.0,1.2571290674212516,0.7985464988804946,0.8387371395667557,0.2673951126535687,0.9250946444949862,0.1065982531337718,,,,,
XGBoost,1230.9834026320164,33.7138672981773,,0.04728211796359844,,,,,,,,30.0,2025-08-16T07:57:59,9.0,3.3100290182206633,0.9789133358447262,0.661340561246432,0.4689838656134378,0.6070664146613591,0.6114542354346478,,,,,
XGBoost,1231.135428356852,32.330772985773834,,0.037175358265816354,,,,,,,,31.0,2025-08-16T07:57:59,6.0,3.8494484243565825,0.9049834742962762,0.9507062547046998,0.27366539897272596,0.9855087656064154,0.11063173695520723,,,,,
XGBoost,1231.513071632117,33.189846982043406,,0.13312781289621506,,,,,,,,32.0,2025-08-16T07:57:59,9.0,2.152845979025095,0.9322570071002498,0.6481355048139984,0.037556285718250405,0.4609087337894995,0.036731937426613626,,,,,
XGBoost,1231.569312993462,34.96218431880176,,0.03085780343444609,,,,,,,,33.0,2025-08-16T07:57:59,9.0,4.692246046256633,0.9514062245205391,0.7616561286604132,0.261626529250591,0.8011120626763016,0.8078459419412586,,,,,
XGBoost,1232.0164821081971,31.356916138150634,,0.039485827359478504,,,,,,,,34.0,2025-08-16T07:57:59,7.0,1.469503578947092,0.8690408472900505,0.7775000877218284,0.6945138035020043,0.21257974733686308,0.6926259522261645,,,,,
XGBoost,1232.1012944747993,33.23093590402613,,0.09951455348099844,,,,,,,,35.0,2025-08-16T07:57:59,9.0,1.8176193629251138,0.7564326146607043,0.987764928934115,0.20650674616090203,0.7880839974495506,0.3251900642246949,,,,,
XGBoost,1232.7516531399124,30.370410766354166,,0.06044038117175435,,,,,,,,36.0,2025-08-16T07:57:59,8.0,1.7287828412237585,0.7797735340854951,0.8351537484441548,0.7588666838811471,0.3030333384905031,0.35925074791624556,,,,,
XGBoost,1234.2448095505997,28.585240696451592,,0.04171723432513877,,,,,,,,37.0,2025-08-16T07:57:59,7.0,1.3456639309330973,0.7748661555267307,0.6389573570214209,0.3240166392642572,0.7115020797981382,0.5794148993435008,,,,,
XGBoost,1234.2938852896891,27.33036470080489,,0.09294732725531105,,,,,,,,38.0,2025-08-16T07:57:59,9.0,1.2738081941101567,0.7340788966583603,0.9211413794392046,0.003705618403682287,0.40019900602937303,0.3981686935909433,,,,,
XGBoost,1234.6193564416953,27.39377587767434,,0.0726328659787446,,,,,,,,39.0,2025-08-16T07:57:59,4.0,1.301760419952819,0.6988412936040586,0.6638178720452753,0.6974268532737614,0.26305678482965317,0.9758652558191313,,,,,
LightGBM,1236.7599869897217,31.108587679363865,2499.0,0.1368506622609751,45.0,194.0,0.8473544037332349,0.7529847965068651,0.0,0.03716033017599818,0.729053822281726,67.0,2025-08-15T19:31:27,,,,,,,,,,,,
XGBoost,1237.7714111119215,27.61198805980821,,0.05122800415418327,,,,,,,,40.0,2025-08-16T07:57:59,5.0,4.791192378520456,0.8784082472215169,0.661558362535942,0.6526664999924943,0.2693286862039928,0.22381761482262308,,,,,
XGBoost,1238.244817463534,29.34215820186667,,0.08403230560722541,,,,,,,,41.0,2025-08-16T07:57:59,9.0,2.9718266190917513,0.8197656953721814,0.8987502864543291,0.5723927256794196,0.6254809589824012,0.8223934188170581,,,,,
XGBoost,1238.3763206750377,30.71347107621413,,0.03413012994681694,,,,,,,,42.0,2025-08-16T07:57:59,6.0,3.490453767555029,0.626870159966284,0.7620992352110755,0.3979719151839125,0.8642430979587549,0.10657873012867436,,,,,
XGBoost,1239.586417913612,27.779675829487374,,0.03358856550089063,,,,,,,,43.0,2025-08-16T07:57:59,7.0,1.8276025518364487,0.6745283517976483,0.9349963156009968,0.26571713012395115,0.3737331168547694,0.22739562087711263,,,,,
XGBoost,1240.8311339572506,35.624850473148015,,0.12952993554549547,,,,,,,,44.0,2025-08-16T07:57:59,8.0,1.8819349325311165,0.7993471090957919,0.7675701798018192,0.7318767208544801,0.43487267893995973,0.5805883502780435,,,,,
XGBoost,1240.8574336484594,33.798960199902396,,0.04401802930937721,,,,,,,,45.0,2025-08-16T07:57:59,9.0,4.351927291772061,0.9806199897421308,0.6496879866912237,0.7169770421480307,0.7137319648523233,0.616604581862474,,,,,
XGBoost,1241.19056652596,37.6168158505739,,0.052043392420330556,,,,,,,,46.0,2025-08-16T07:57:59,8.0,3.6063015609020743,0.9472643216206188,0.6981142129021338,0.1258725277620208,0.1924801263960865,0.3340088787452379,,,,,
LightGBM,1241.5074452018082,32.90278860312934,1238.0,0.08139884162567135,93.0,67.0,0.6244311839419455,0.7107510592588815,0.0,0.06761360614454555,0.7167336987065166,68.0,2025-08-15T19:31:27,,,,,,,,,,,,
XGBoost,1243.0342124277718,35.68155479874538,,0.02529985252521202,,,,,,,,47.0,2025-08-16T07:57:59,9.0,5.9967674978291745,0.8223226325748718,0.7892840472325333,0.25028388520447004,0.14462709454375733,0.7310236714582816,,,,,
XGBoost,1243.6305736386087,28.60595782823777,,0.08796855683562767,,,,,,,,48.0,2025-08-16T07:57:59,4.0,2.9832468652602713,0.9816347746158532,0.6540005109684828,0.3870039535459302,0.32389346687063386,0.5398427789081934,,,,,
XGBoost,1243.7615812075194,32.126868625211785,,0.06353094735991345,,,,,,,,49.0,2025-08-16T07:57:59,7.0,2.4723287977095882,0.9793813227848627,0.9054423176639044,0.11209054061316204,1.0421615710774954,0.48743119824951364,,,,,
LightGBM,1243.9946682004747,32.84240026647085,2504.0,0.043429158535765344,91.0,67.0,0.7123089449763423,0.6097263865725815,0.0,0.034883017403547004,1.1934606129568093,69.0,2025-08-15T19:31:27,,,,,,,,,,,,
LightGBM,1245.760837885979,33.23030777313951,2573.0,0.08974858657071347,41.0,119.0,0.7282568768638057,0.8375532390231595,1.0,0.2692834225551365,0.1612976123267691,70.0,2025-08-15T19:31:27,,,,,,,,,,,,
LightGBM,1248.123523090907,29.82813857580192,2126.0,0.11558515842322795,45.0,126.0,0.9118764001091078,0.8387400631785948,1.0,0.12479561626896213,0.06970033460183934,71.0,2025-08-15T19:31:27,,,,,,,,,,,,
LightGBM,1248.220070679296,33.02173003505382,1956.0,0.08547401471791219,42.0,86.0,0.9281707375085072,0.8605939087431151,2.0,0.15663290783143716,0.08323356105019854,72.0,2025-08-15T19:31:27,,,,,,,,,,,,
XGBoost,1248.2244944742183,31.835383775924797,,0.04225506496119852,,,,,,,,50.0,2025-08-16T07:57:59,9.0,3.4076117575627505,0.6469232755849578,0.6500743168810201,0.5484522297831771,0.5163670738793552,0.20052472670033672,,,,,
LightGBM,1248.918932250272,30.68499151820241,1899.0,0.04182561012789738,86.0,44.0,0.9587153639624048,0.7895846561051489,0.0,0.7784882794160835,0.7223224746491522,73.0,2025-08-15T19:31:27,,,,,,,,,,,,
XGBoost,1248.9301530987746,27.884391044528904,,0.07575183159629721,,,,,,,,51.0,2025-08-16T07:57:59,8.0,2.962467782033424,0.7919755338868494,0.8400082192477215,0.2333300629674426,0.833978263351851,0.8601223971892046,,,,,
XGBoost,1250.0032121335032,32.134762278309566,,0.0529058242818404,,,,,,,,52.0,2025-08-16T07:57:59,5.0,2.5597599524756522,0.728297096175251,0.8897690690456468,0.5966696096247714,0.24043097225845517,0.868122813490531,,,,,
LightGBM,1250.1794474403184,31.83861542125598,1880.0,0.07888985351105414,81.0,81.0,0.9717503956510343,0.8227051572055719,1.0,0.22398327492822734,0.9233915198303242,74.0,2025-08-15T19:31:27,,,,,,,,,,,,
LightGBM,1250.233247481662,29.60017284395596,2051.0,0.04621285246602003,114.0,49.0,0.9533121035675474,0.7297380084021096,2.0,0.7168730399387946,0.38160416996623664,75.0,2025-08-15T19:31:27,,,,,,,,,,,,
XGBoost,1250.251745127125,33.9535478951415,,0.12416651870387514,,,,,,,,53.0,2025-08-16T07:57:59,8.0,1.7552894589045012,0.7729339204170408,0.9774463680670396,0.33578185354089785,0.7662311371969026,0.3975943979627943,,,,,
LightGBM,1253.094863359393,29.732396984566805,2295.0,0.08200355089118799,94.0,88.0,0.8446882984937409,0.7678400249711159,1.0,0.2847781429210093,0.9094153325572429,76.0,2025-08-15T19:31:27,,,,,,,,,,,,
XGBoost,1255.653118550089,30.671225479833616,,0.06472262204147768,,,,,,,,54.0,2025-08-16T07:57:59,5.0,4.6171005684429245,0.7983502940315084,0.6324184863630592,0.1761465615598491,0.8199105163915151,0.07613085949030018,,,,,
XGBoost,1256.1905182445328,34.49750860862191,,0.039634858543000306,,,,,,,,55.0,2025-08-16T07:57:59,9.0,5.129603828999483,0.7193497723959971,0.9359788658689887,0.6182582240134437,0.2760644196377207,0.13133512640937806,,,,,
XGBoost,1259.28843716824,34.93253356975329,,0.0486428037561221,,,,,,,,56.0,2025-08-16T07:57:59,7.0,4.400703858801502,0.8474445512860738,0.9010866558230565,0.12688408423445896,1.0570449110387141,0.871843527745232,,,,,
XGBoost,1259.4060621668693,36.398812772519705,,0.11254960022236855,,,,,,,,57.0,2025-08-16T07:57:59,9.0,4.03357523191428,0.7696522685209544,0.8945776942498891,0.7474936118152119,1.1106822154881315,0.4508393714041321,,,,,
XGBoost,1259.755600988153,28.49785440005575,,0.0956250497994973,,,,,,,,58.0,2025-08-16T07:57:59,4.0,2.9808634580462767,0.8781868826759449,0.7554232405081382,0.35895489809802456,0.2850529570491929,0.3732517916293401,,,,,
XGBoost,1261.608345255583,32.50706453852063,,0.06552303079069086,,,,,,,,59.0,2025-08-16T07:57:59,5.0,4.682010075328202,0.865521811048722,0.7898523502999255,0.6753363591753577,0.9668041835400638,0.5853543643967521,,,,,
LightGBM,1262.1901111380664,30.58354412715538,2598.0,0.12749163148082232,82.0,115.0,0.878206434570451,0.6557325817623503,2.0,0.3283063384285038,0.9066613662516584,77.0,2025-08-15T19:31:27,,,,,,,,,,,,
XGBoost,1262.5567754271374,38.859191252504864,,0.0701096930941914,,,,,,,,60.0,2025-08-16T07:57:59,9.0,5.723660111457051,0.7869606044999479,0.845364555684283,0.1336271568736602,1.189402351364372,0.2316717013834434,,,,,
XGBoost,1263.2785432677404,34.67543881546864,,0.12808422368135103,,,,,,,,61.0,2025-08-16T07:57:59,8.0,4.275046694160543,0.9968533265362689,0.713541811443458,0.2873208237329852,0.4606165822413555,0.4658128070202485,,,,,
XGBoost,1264.498880728408,33.27000458708091,,0.07899134560897242,,,,,,,,62.0,2025-08-16T07:57:59,9.0,4.257597334011324,0.73037018558083,0.836105575554249,0.3465973991773245,1.1812216888834848,0.14958064266756577,,,,,
LightGBM,1265.8299958825446,31.927514694261816,2860.0,0.1264016464757657,82.0,157.0,0.8503439662856945,0.8012545034320351,0.0,0.43150195872005004,0.8207565232777693,78.0,2025-08-15T19:31:27,,,,,,,,,,,,
XGBoost,1266.2451727405942,35.6364330478218,,0.06042749501253282,,,,,,,,63.0,2025-08-16T07:57:59,7.0,4.948492535712395,0.8634831102003504,0.7992782865812555,0.444290840750105,0.8630421339267166,0.22845474133129873,,,,,
XGBoost,1267.266439557096,35.53301101101991,,0.09734559807509865,,,,,,,,64.0,2025-08-16T07:57:59,8.0,3.981349392410265,0.6920035349150813,0.6482267543109115,0.061562561303367326,0.8355465310537676,0.33987496376806614,,,,,
XGBoost,1267.5752033416643,29.647930579312302,,0.09591462717607377,,,,,,,,65.0,2025-08-16T07:57:59,8.0,4.7684941702525965,0.9155227927482977,0.6695013901230267,0.6166832868327918,1.1367574659076056,0.16637758693227234,,,,,
XGBoost,1267.6386722854538,26.3468909790611,,0.10830855358352028,,,,,,,,66.0,2025-08-16T07:57:59,7.0,1.1326610193690985,0.6725741740359189,0.8332166243878769,0.33713964047399836,1.0712060532923697,0.8174435617384409,,,,,
XGBoost,1268.2697167369674,30.376153483397818,,0.10689239951277663,,,,,,,,67.0,2025-08-16T07:57:59,8.0,5.902884000899941,0.96134552505441,0.8586659676468653,0.5545401691655398,0.06191496799045199,0.6699174645500392,,,,,
XGBoost,1269.5129161791306,31.44305645697258,,0.10579088482426972,,,,,,,,68.0,2025-08-16T07:57:59,4.0,5.321791249198185,0.7892839626766228,0.9872773711658887,0.1484204125624969,1.042347801546733,0.7765968527917417,,,,,
LightGBM,1271.097189860513,33.34488200940244,2792.0,0.10660754253978479,44.0,122.0,0.6161734358153725,0.8842651558743149,1.0,0.020335301395276152,0.12946971239196534,79.0,2025-08-15T19:31:27,,,,,,,,,,,,
LightGBM,1272.1624502870397,29.990624497768582,2721.0,0.0851173561649092,52.0,77.0,0.9441618473246701,0.7001005442063456,1.0,0.6580804485277266,0.4322287696935155,80.0,2025-08-15T19:31:27,,,,,,,,,,,,
LightGBM,1272.7349187281457,31.845615666034536,1276.0,0.09409778115532598,88.0,41.0,0.6028265220878869,0.6092249700165663,2.0,0.4894823157779036,0.1673926327824502,81.0,2025-08-15T19:31:27,,,,,,,,,,,,
XGBoost,1273.183241704337,30.873706527616427,,0.09417868811817429,,,,,,,,69.0,2025-08-16T07:57:59,6.0,2.730082838224198,0.9103218943171825,0.9764950016929546,0.0579330177170732,0.6410906471717341,0.8825334858196,,,,,
XGBoost,1273.2748999036296,35.01331225701604,,0.12214482968585225,,,,,,,,70.0,2025-08-16T07:57:59,7.0,3.40293288663324,0.8369631138638071,0.9298723863700596,0.27824736632175445,0.8136193830708762,0.5657319639957911,,,,,
LightGBM,1273.2858380609102,33.59469023706606,1691.0,0.09751006895979215,89.0,78.0,0.9946060995171919,0.8423099277427548,0.0,0.006027490507259792,0.2703993572550339,82.0,2025-08-15T19:31:27,,,,,,,,,,,,
XGBoost,1275.2940454262398,26.480208940095956,,0.1103895464896941,,,,,,,,71.0,2025-08-16T07:57:59,4.0,2.353723365717769,0.8575998172956063,0.7634936684392386,0.02030908452827589,0.18738311683942843,0.7159722288473975,,,,,
LightGBM,1277.6862334539705,30.70085897132933,2059.0,0.1331424284669577,101.0,105.0,0.9521871356061031,0.8497416192535173,1.0,0.5067230052083388,1.0457527082252611,83.0,2025-08-15T19:31:27,,,,,,,,,,,,
XGBoost,1277.8353585311736,35.184796095182946,,0.13402848245849627,,,,,,,,72.0,2025-08-16T07:57:59,9.0,3.606503337067847,0.6346820847448734,0.9832683172015722,0.6067139311565453,0.7667392624011141,0.7590358455388498,,,,,
XGBoost,1279.2752659288064,36.086868531327276,,0.12157427500814218,,,,,,,,73.0,2025-08-16T07:57:59,6.0,2.9864364528018363,0.9189181463118214,0.6599669709395095,0.1834011161861132,0.8667030820716796,0.7200365365460744,,,,,
LightGBM,1279.5592328946286,33.16086013639255,1217.0,0.11160373076046931,115.0,58.0,0.7385217284357604,0.7858695251758445,0.0,0.3188037875178988,0.7390201176626597,84.0,2025-08-15T19:31:27,,,,,,,,,,,,
XGBoost,1279.5943496831762,35.29447180223989,,0.09680035602042965,,,,,,,,74.0,2025-08-16T07:57:59,5.0,3.2609951414171765,0.973550007011162,0.7264624419907002,0.40578784695071396,0.04988743086047052,0.14834320096208886,,,,,
XGBoost,1280.1855600013419,33.86405682140111,,0.09740650013231954,,,,,,,,75.0,2025-08-16T07:57:59,8.0,5.92201090351776,0.8102760729210743,0.6686717143393214,0.21784586121549518,0.02206881185696008,0.914298806560499,,,,,
XGBoost,1280.4813265759435,32.83100330176481,,0.09587171455034364,,,,,,,,76.0,2025-08-16T07:57:59,6.0,2.0634039217061315,0.806069472962725,0.9902165262731025,0.3671911904136105,0.6687664426680574,0.860632017890734,,,,,
XGBoost,1281.1992501382379,28.433334457719777,,0.12057383475777322,,,,,,,,77.0,2025-08-16T07:57:59,4.0,2.8714838356989634,0.6070063963448249,0.6976589161689497,0.6647017530733644,1.037530603146044,0.7685193645237912,,,,,
XGBoost,1282.4762918962624,31.10062753801163,,0.09693771594623568,,,,,,,,78.0,2025-08-16T07:57:59,5.0,3.827541736614869,0.8864716298931808,0.8396117459109306,0.6614390622472627,1.1508897534768332,0.3425242571785434,,,,,
XGBoost,1283.2902387588656,40.17451426406484,,0.11251062135728625,,,,,,,,79.0,2025-08-16T07:57:59,8.0,3.6517719686412806,0.6071447569913277,0.918719131145611,0.23533437867478232,1.0942032419518932,0.9675112636137777,,,,,
XGBoost,1283.9899149576281,33.56423378560655,,0.07121804679858372,,,,,,,,80.0,2025-08-16T07:57:59,6.0,2.164797373768169,0.6097603126226152,0.948039549560372,0.01701552868030971,1.0496420072210393,0.528937134027212,,,,,
XGBoost,1284.612700355837,26.888966014809764,,0.12972943351099517,,,,,,,,81.0,2025-08-16T07:57:59,4.0,3.0219075077451216,0.9083645508257082,0.768814423820275,0.28309710124899956,1.1503526127758645,0.1843709206789632,,,,,
XGBoost,1285.3749601366887,35.76799526615007,,0.10697201258345138,,,,,,,,82.0,2025-08-16T07:57:59,6.0,3.8621387971673284,0.9215907917603591,0.815360596152315,0.5293241400644332,0.88542692028783,0.5201681098787319,,,,,
XGBoost,1286.4780605606966,33.06163989889712,,0.08448747235255075,,,,,,,,83.0,2025-08-16T07:57:59,5.0,5.6148011589924245,0.7862800489275252,0.7923347912356294,0.7347637799514409,0.7044818689638807,0.03284667024343835,,,,,
XGBoost,1286.5790703199154,32.70299981577586,,0.13839561475506162,,,,,,,,84.0,2025-08-16T07:57:59,5.0,1.024699904672048,0.9807247141692956,0.8556479751262,0.6943346356160177,0.5456878267606309,0.5155960285792502,,,,,
XGBoost,1286.8863316464,35.97607037272299,,0.13487243155799908,,,,,,,,85.0,2025-08-16T07:57:59,8.0,5.003848435649376,0.8519111691984612,0.6865296092146214,0.41460829334111376,0.7167288869164092,0.5250315008602682,,,,,
XGBoost,1287.3220838832463,33.86707910749634,,0.08292683231930961,,,,,,,,86.0,2025-08-16T07:57:59,6.0,3.4054397419379296,0.7988047795284996,0.9061425124264962,0.08238518346505241,0.4012353735725786,0.07550336380388922,,,,,
XGBoost,1288.1558459135729,35.45452159984033,,0.08833322213162004,,,,,,,,87.0,2025-08-16T07:57:59,5.0,4.263730539259374,0.6952731124186906,0.639776557103738,0.19453775279956328,0.866720318226791,0.8556964681062857,,,,,
XGBoost,1288.8911215086341,34.43834936852564,,0.08969086486727933,,,,,,,,88.0,2025-08-16T07:57:59,6.0,5.9204173459964755,0.9073093655458073,0.7671067128669335,0.33708560182165614,0.8850987619066698,0.23877714576830233,,,,,
LightGBM,1290.831378808322,33.73067374027689,2930.0,0.11797182478632608,46.0,116.0,0.6602870175861718,0.8032795106962874,0.0,0.6866870438509759,0.3911506862422617,85.0,2025-08-15T19:31:27,,,,,,,,,,,,
XGBoost,1291.7484619321883,30.156489727131888,,0.07866158963083042,,,,,,,,89.0,2025-08-16T07:57:59,6.0,3.6612249441314955,0.6502966047226595,0.653085861527711,0.1148338896315143,1.1277837503122101,0.7328989183413418,,,,,
LightGBM,1292.558084711533,31.31666191148334,1898.0,0.08294136674843056,70.0,55.0,0.9989022139073578,0.9586441051896083,2.0,0.6924057007151843,0.9804864851391358,86.0,2025-08-15T19:31:27,,,,,,,,,,,,
XGBoost,1292.690641983799,28.759143921805766,,0.11079629645419216,,,,,,,,90.0,2025-08-16T07:57:59,6.0,1.031929358584168,0.7148152532699651,0.8467707673502969,0.7849489424219388,0.758176232420002,0.2598035810641598,,,,,
LightGBM,1295.24433066716,30.948896232752073,2715.0,0.04512191880040524,86.0,33.0,0.8473019086121184,0.747565455827909,1.0,0.5979767505070053,0.04401984346871748,87.0,2025-08-15T19:31:27,,,,,,,,,,,,
XGBoost,1296.2253341030646,29.348349947539813,,0.13851794764832692,,,,,,,,91.0,2025-08-16T07:57:59,4.0,5.335157480612243,0.8314701634289574,0.7754461676758362,0.5802061283321093,0.5840027297096434,0.8734232380816606,,,,,
LightGBM,1301.640421116054,36.1267293713363,1749.0,0.09078450170726526,81.0,27.0,0.8524554503989051,0.9179245214166594,1.0,0.5160826896244519,0.8027088715957196,88.0,2025-08-15T19:31:27,,,,,,,,,,,,
LightGBM,1302.1630475184368,34.254302599272805,2445.0,0.13839674942014105,95.0,105.0,0.925119826903001,0.9788994309535435,0.0,0.4735109910570275,0.4202618960403762,89.0,2025-08-15T19:31:27,,,,,,,,,,,,
XGBoost,1302.8104455400915,35.619745718583445,,0.09608068437195336,,,,,,,,92.0,2025-08-16T07:57:59,7.0,4.8992269757557185,0.6427922555307833,0.9044111610008112,0.43301326294088827,1.1555904046307934,0.3418721660386861,,,,,
LightGBM,1304.0121155665695,33.825987104588386,2464.0,0.08277174130041785,79.0,33.0,0.717797578735772,0.9983325500117483,1.0,0.4674514495384802,1.0813896125891866,90.0,2025-08-15T19:31:27,,,,,,,,,,,,
XGBoost,1304.8593643365411,33.11435505381437,,0.13626534263428297,,,,,,,,93.0,2025-08-16T07:57:59,6.0,4.237868217009538,0.8377583436914181,0.7534449041622487,0.05250091565921036,0.9858155368889291,0.3718335292387246,,,,,
XGBoost,1305.2673096930632,29.045410577493293,,0.13417742715991893,,,,,,,,94.0,2025-08-16T07:57:59,4.0,3.395909388148655,0.6102568263225743,0.7364991310504625,0.3041564950286857,0.47858733707628054,0.5801723692273323,,,,,
LightGBM,1307.0347634423538,39.14681307740244,2802.0,0.11543207742318683,44.0,79.0,0.6654623771462818,0.6657063191723972,0.0,0.18855339685199982,0.7605102764642127,91.0,2025-08-15T19:31:27,,,,,,,,,,,,
LightGBM,1307.1119837986835,32.975683015456156,2942.0,0.08587063758667728,32.0,32.0,0.8738286191519333,0.6351472444970627,2.0,0.5452021777791435,0.9122734318676238,92.0,2025-08-15T19:31:27,,,,,,,,,,,,
XGBoost,1310.3433506540725,39.01743141773581,,0.11825427720285124,,,,,,,,95.0,2025-08-16T07:57:59,5.0,4.4164768830325265,0.7783610825506994,0.7094506665126663,0.7976996001261689,0.5114175626831675,0.4513870243296755,,,,,
XGBoost,1313.6556733511388,38.73716584592528,,0.11281677508239207,,,,,,,,96.0,2025-08-16T07:57:59,6.0,5.849105225392724,0.7815158165534557,0.6944201853385856,0.05879739786401013,0.20370948610504888,0.5197739485560177,,,,,
LightGBM,1315.6801407310047,31.883406374033626,1137.0,0.1311905150193793,104.0,36.0,0.7032977553195834,0.7836543024953045,1.0,0.49664454753767306,0.41689608987049703,93.0,2025-08-15T19:31:27,,,,,,,,,,,,
LightGBM,1315.9511530916882,27.50918939045608,2088.0,0.07764440982396256,79.0,30.0,0.8376522861408541,0.7523563426524086,1.0,0.6633313765652116,0.6828977629988972,94.0,2025-08-15T19:31:27,,,,,,,,,,,,
LightGBM,1316.5892425910783,34.07037138345644,2698.0,0.11482106486374467,35.0,60.0,0.9659838702175123,0.9400154311159197,1.0,0.07632809319232906,0.44498190263791965,95.0,2025-08-15T19:31:27,,,,,,,,,,,,
LightGBM,1318.355208939795,37.58001662790493,2841.0,0.12404867822961245,43.0,79.0,0.8045369595443751,0.8006065178748798,0.0,0.1554191628096338,0.08512910039991319,96.0,2025-08-15T19:31:27,,,,,,,,,,,,
LightGBM,1319.8999946529989,32.55392389453167,1325.0,0.1361592879805081,98.0,38.0,0.6798027709353279,0.8944988734793953,2.0,0.5657840765155556,0.9213354017314065,97.0,2025-08-15T19:31:27,,,,,,,,,,,,
LightGBM,1322.2596626719205,36.54432344201201,2838.0,0.13030118622026715,40.0,75.0,0.9506645943703171,0.820635149017628,0.0,0.021093579597801605,0.4517560402536595,98.0,2025-08-15T19:31:27,,,,,,,,,,,,
XGBoost,1326.1636397823727,37.94551650874797,,0.11358211866720198,,,,,,,,97.0,2025-08-16T07:57:59,5.0,3.4025347362891445,0.64197207136727,0.696818006345011,0.7893300746137172,0.17099465148181586,0.49888815345135606,,,,,
XGBoost,1326.304537277958,33.275792162196595,,0.13268812382154754,,,,,,,,98.0,2025-08-16T07:57:59,5.0,1.3501485287373551,0.6037941734513992,0.6210735343908914,0.07083472849089452,0.045116127847513045,0.47978132685650476,,,,,
LightGBM,1326.9841841047896,33.67989815651751,1569.0,0.13160202017729983,76.0,43.0,0.6835674870461441,0.8684574067296202,2.0,0.11206721218921922,0.621995582836484,99.0,2025-08-15T19:31:27,,,,,,,,,,,,
LightGBM,1328.9624116208965,32.02348702944008,2976.0,0.12983052100029274,104.0,35.0,0.9561055135563665,0.7822627011142852,0.0,0.22190494638490615,0.22574539166851357,100.0,2025-08-15T19:31:27,,,,,,,,,,,,
XGBoost,1329.6395886169837,41.62374919314096,,0.12419255366159104,,,,,,,,99.0,2025-08-16T07:57:59,6.0,3.6995291975110627,0.6136751063756632,0.9946771921428647,0.09837664682370138,0.2773570949131759,0.05169683724152696,,,,,
XGBoost,1332.670035473242,31.668360037340513,,0.119626383748039,,,,,,,,100.0,2025-08-16T07:57:59,6.0,5.722048627886367,0.6564327395110854,0.7625569233094088,0.25919204888543973,0.10431001794041918,0.6332407749109605,,,,,
